Workbook

Sheet Chesklist
A1: wave_sector | B1: rp_year | C1: wave_dir_deg | D1: Hs_m | E1: Pp1d_s | F1: wind_speed_mps | G1: Hs_m 10% | H1: wind_speed_mps 10% | I1: DWL 0 m | J1: DWL 50 m | K1: DWL 50 m
A2: E | B2: 100 | C2: 90 | D2: 1.8393615 | E2: 7.0920178 | F2: 10.62931 | G2: =D2*1.1 -> 2.0232976 | H2: =F2*1.1 -> 11.69224 | I2: =Datum_Sunda_Kelapa_Summary!$E$13+Datum_Sunda_Kelapa_Summary!$C$25 -> 3.1579923 | J2: =Datum_Sunda_Kelapa_Summary!$E$13+Datum_Sunda_Kelapa_Summary!$C$26 -> 3.5579923 | K2: 1.7352821
A3: E | B3: 1000 | C3: 90 | D3: 2.1190122 | E3: 7.7819171 | F3: 11.542984 | G3: =D3*1.1 -> 2.3309134 | H3: =F3*1.1 -> 12.697282 | I3: =Datum_Sunda_Kelapa_Summary!$E$13+Datum_Sunda_Kelapa_Summary!$D$25 -> 3.2579923 | J3: =Datum_Sunda_Kelapa_Summary!$E$13+Datum_Sunda_Kelapa_Summary!$D$26 -> 3.6579923 | K3: 1.8352821
A4: E | B4: 10000 | C4: 90 | D4: 2.3957683 | E4: 8.2853999 | F4: 12.417488 | G4: =D4*1.1 -> 2.6353451 | H4: =F4*1.1 -> 13.659237 | I4: =Datum_Sunda_Kelapa_Summary!$E$13+Datum_Sunda_Kelapa_Summary!$E$25 -> 3.4079923 | J4: =Datum_Sunda_Kelapa_Summary!$E$13+Datum_Sunda_Kelapa_Summary!$E$26 -> 3.8079923 | K4: 1.9852821
A5: ENE | B5: 100 | C5: 67.5 | D5: 1.2272233 | E5: 7.0725239 | F5: 9.1079995 | G5: =D5*1.1 -> 1.3499456 | H5: =F5*1.1 -> 10.018799 | I5: 3.1579923 | J5: 3.5579923 | K5: 1.7352821
A6: ENE | B6: 1000 | C6: 67.5 | D6: 1.3771911 | E6: 7.766502 | F6: 9.7183796 | G6: =D6*1.1 -> 1.5149102 | H6: =F6*1.1 -> 10.690218 | I6: 3.2579923 | J6: 3.6579923 | K6: 1.8352821
A7: ENE | B7: 10000 | C7: 67.5 | D7: 1.5192097 | E7: 8.2947863 | F7: 10.295037 | G7: =D7*1.1 -> 1.6711306 | H7: =F7*1.1 -> 11.324541 | I7: 3.4079923 | J7: 3.8079923 | K7: 1.9852821
A8: N | B8: 100 | C8: 0 | D8: 1.4145792 | E8: 5.9706565 | F8: 7.0258204 | G8: =D8*1.1 -> 1.5560371 | H8: =F8*1.1 -> 7.7284024 | I8: 3.1579923 | J8: 3.5579923 | K8: 1.7352821
A9: N | B9: 1000 | C9: 0 | D9: 1.8017144 | E9: 5.9706565 | F9: 7.9932397 | G9: =D9*1.1 -> 1.9818858 | H9: =F9*1.1 -> 8.7925637 | I9: 3.2579923 | J9: 3.6579923 | K9: 1.8352821
A10: N | B10: 10000 | C10: 0 | D10: 2.1623848 | E10: 5.9706565 | F10: 8.9291071 | G10: =D10*1.1 -> 2.3786233 | H10: =F10*1.1 -> 9.8220178 | I10: 3.4079923 | J10: 3.8079923 | K10: 1.9852821
A11: NE | B11: 100 | C11: 45 | D11: 0.51914474 | E11: 5.9211942 | F11: 8.4966051 | G11: =D11*1.1 -> 0.57105921 | H11: =F11*1.1 -> 9.3462656 | I11: 3.1579923 | J11: 3.5579923 | K11: 1.7352821
A12: NE | B12: 1000 | C12: 45 | D12: 0.58451632 | E12: 5.0907491 | F12: 9.5447101 | G12: =D12*1.1 -> 0.64296795 | H12: =F12*1.1 -> 10.499181 | I12: 3.2579923 | J12: 3.6579923 | K12: 1.8352821
A13: NE | B13: 10000 | C13: 45 | D13: 0.64689347 | E13: 5.0907491 | F13: 10.567637 | G13: =D13*1.1 -> 0.71158282 | H13: =F13*1.1 -> 11.6244 | I13: 3.4079923 | J13: 3.8079923 | K13: 1.9852821
A14: NNE | B14: 100 | C14: 22.5 | D14: 0.57317696 | E14: 5.5308756 | F14: 6.7065155 | G14: =D14*1.1 -> 0.63049465 | H14: =F14*1.1 -> 7.3771671 | I14: 3.1579923 | J14: 3.5579923 | K14: 1.7352821
A15: NNE | B15: 1000 | C15: 22.5 | D15: 0.78338501 | E15: 7.081125 | F15: 7.5181423 | G15: =D15*1.1 -> 0.86172351 | H15: =F15*1.1 -> 8.2699566 | I15: 3.2579923 | J15: 3.6579923 | K15: 1.8352821
A16: NNE | B16: 10000 | C16: 22.5 | D16: 1.0132483 | E16: 9.0565238 | F16: 8.2876477 | G16: =D16*1.1 -> 1.1145732 | H16: =F16*1.1 -> 9.1164124 | I16: 3.4079923 | J16: 3.8079923 | K16: 1.9852821
... A28: WNW | B28: 10000 | C28: 292.5 | D28: 2.1939637 | E28: 6.8372785 | F28: 15.067102 | G28: =D28*1.1 -> 2.4133601 | H28: =F28*1.1 -> 16.573812 | I28: 3.4079923 | J28: 3.8079923 | K28: 1.9852821

Sheet Datum_Sunda_Kelapa_Summary
A1: start_datetime | B1: end_datetime
A2: 38717.958 | B2: 46022.958
A4: n_points | B4: dt_minutes | C4: duration_days
A5: 1051921 | B5: 10 | C5: 7305
A6: n_HW | B6: n_LW | C6: n_spring_hw | D6: n_spring_lw
A7: 10135 | B7: 10135 | C7: 495 | D7: 495
D8: cm | E8: meter
A9: HAT | B9: (High Astronomical Tide) | C9: = | D9: 254.53783 | E9: =D9/100 -> 2.5453783 | F9: =E9-$E$13 -> 0.72266812
A10: HHWL | B10: (Higher High Water Level) | C10: = | D10: 254.53871 | E10: =D10/100 -> 2.5453871 | F10: =E10-$E$13 -> 0.72267691
A11: MHWS | B11: (Mean High Water Spring) | C11: = | D11: 242.79923 | E11: =D11/100 -> 2.4279923 | F11: =E11-$E$13 -> 0.60528213
A12: MHWL | B12: (Mean High Water Level) | C12: = | D12: 213.14246 | E12: =D12/100 -> 2.1314246 | F12: =E12-$E$13 -> 0.30871442
A13: MSL | B13: Z0 | C13: = | D13: 182.27102 | E13: =D13/100 -> 1.8227102 | F13: =E13-$E$13 -> 0
A14: MLWL | B14: (Mean Low Water Level) | C14: = | D14: 151.07132 | E14: =D14/100 -> 1.5107132 | F14: =E14-$E$13 -> -0.31199694
A15: MLWS | B15: (Mean Low Water Spring) | C15: = | D15: 131.44224 | E15: =D15/100 -> 1.3144224 | F15: =E15-$E$13 -> -0.50828777
A16: LLWL | B16: (Lowest Low Water Level) | C16: = | D16: 127.48839 | E16: =D16/100 -> 1.2748839 | F16: =E16-$E$13 -> -0.5478263
A17: LAT | B17: (Lowest Astronomical Tide) | C17: = | D17: 127.50321 | E17: =D17/100 -> 1.2750321 | F17: =E17-$E$13 -> -0.54767804
B20: Return Period | C20: 100 | D20: 1000 | E20: 10000
B21: =A11 -> MHWS | C21: MSL+0.61 | D21: MSL+0.61 | E21: MSL+0.61
B22: Seasonal Fluctuations (m) | C22: 0.1 | D22: 0.1 | E22: 0.1
B23: Extreme surge [m] | C23: 0.63 | D23: 0.73 | E23: 0.88
B24: Sea level rise (50 years) [m] | C24: 0.4 | D24: 0.4 | E24: 0.4 | H24: 100 | I24: 1000 | J24: 10000
B25: Design water level (0 years) [m] | C25: =$F$11+C22+C23 -> 1.3352821 | D25: =$F$11+D22+D23 -> 1.4352821 | E25: =$F$11+E22+E23 -> 1.5852821 | G25: Design water level (0 years) [m] | H25: =$E$13+C25 -> 3.1579923 | I25: =$E$13+D25 -> 3.2579923 | J25: =$E$13+E25 -> 3.4079923
B26: Design water level (50 years) [m] | C26: =C25+C24 -> 1.7352821 | D26: =D25+D24 -> 1.8352821 | E26: =E25+E24 -> 1.9852821 | G26: Design water level (50 years) [m] | H26: =$E$13+C26 -> 3.5579923 | I26: =$E$13+D26 -> 3.6579923 | J26: =$E$13+E26 -> 3.8079923
B29: Return Period | C29: 100 | D29: 1000 | E29: 10000
B30: MHWS [m] | C30: MSL+0.61 | D30: MSL+0.61 | E30: MSL+0.61
B31: Seasonal Fluctuations [m] | C31: 0.1 | D31: 0.1 | E31: 0.1
B32: Extreme surge [m] | C32: 0.63 | D32: 0.73 | E32: 0.88
B33: Sea level rise (50 years) [m] | C33: 0.4 | D33: 0.4 | E33: 0.4
B34: Design water level (0 years) [m] | C34: =$F$11+C31+C32 -> 1.3352821 | D34: =$F$11+D31+D32 -> 1.4352821 | E34: =$F$11+E31+E32 -> 1.5852821
B35: Design water level (50 years) [m] | C35: =C34+C33 -> 1.7352821 | D35: =D34+D33 -> 1.8352821 | E35: =E34+E33 -> 1.9852821

Sheet Sheet1
B3: HAT | C3: (High Astronomical Tide) | D3: : | E3: 254.53783
B4: HHWL | C4: (Higher High Water Level) | D4: : | E4: 254.53871
B5: MHWS | C5: (Mean High Water Spring) | D5: : | E5: 242.79923
B6: MHWL | C6: (Mean High Water Level) | D6: : | E6: 213.14246
B7: MSL | C7: (Mean Water Level) | D7: : | E7: 182.27102
B8: MLWL | C8: (Mean Low Water Level) | D8: : | E8: 151.07132
B9: MLWS | C9: (Mean Low Water Spring) | D9: : | E9: 131.44224
B10: LLWL | C10: (Lowest Low Water Level) | D10: : | E10: 127.48839
B11: LAT | C11: (Lowest Astronomical Tide) | D11: : | E11: 127.50321
L16: 100 | M16: 1000 | N16: 10000
J17: MHWS [m] | K17: : | L17: MSL+0.61 | M17: MSL+0.61 | N17: MSL+0.61
J18: Seasonal Fluctuations [m] | K18: : | L18: 0.1 | M18: 0.1 | N18: 0.1
J19: Extreme surge [m] | K19: : | L19: 0.63 | M19: 0.73 | N19: 0.88
J20: Sea level rise (50 years) [m] | K20: : | L20: 0.4 | M20: 0.4 | N20: 0.4
J21: Design water level (0 years) [m] | K21: : | L21: =$F$11+L18+L19 -> 0.73 | M21: =$F$11+M18+M19 -> 0.83 | N21: =$F$11+N18+N19 -> 0.98
J22: Design water level (50 years) [m] | K22: : | L22: =L21+L20 -> 1.13 | M22: =M21+M20 -> 1.23 | N22: =N21+N20 -> 1.38
T32: wave_sector | U32: rp_year | V32: dir_deg | W32: Hs_m | X32: Pp1d_s | Y32: wind_speed_mps | Z32: DWL 50 m
T33: E | U33: 100 | V33: 90 | W33: 2.0232976 | X33: 7.0920178 | Y33: 11.69224 | Z33: 1.7352821
T34: E | U34: 1000 | V34: 90 | W34: 2.3309134 | X34: 7.7819171 | Y34: 12.697282 | Z34: 1.8352821
T35: E | U35: 10000 | V35: 90 | W35: 2.6353451 | X35: 8.2853999 | Y35: 13.659237 | Z35: 1.9852821
T36: ENE | U36: 100 | V36: 67.5 | W36: 1.3499456 | X36: 7.0725239 | Y36: 10.018799 | Z36: 1.7352821
T37: ENE | U37: 1000 | V37: 67.5 | W37: 1.5149102 | X37: 7.766502 | Y37: 10.690218 | Z37: 1.8352821
T38: ENE | U38: 10000 | V38: 67.5 | W38: 1.6711306 | X38: 8.2947863 | Y38: 11.324541 | Z38: 1.9852821
T39: N | U39: 100 | V39: 0 | W39: 1.5560371 | X39: 5.9706565 | Y39: 7.7284024 | Z39: 1.7352821
T40: N | U40: 1000 | V40: 0 | W40: 1.9818858 | X40: 5.9706565 | Y40: 8.7925637 | Z40: 1.8352821
T41: N | U41: 10000 | V41: 0 | W41: 2.3786233 | X41: 5.9706565 | Y41: 9.8220178 | Z41: 1.9852821
T42: NE | U42: 100 | V42: 45 | W42: 0.57105921 | X42: 5.9211942 | Y42: 9.3462656 | Z42: 1.7352821
T43: NE | U43: 1000 | V43: 45 | W43: 0.64296795 | X43: 5.0907491 | Y43: 10.499181 | Z43: 1.8352821
T44: NE | U44: 10000 | V44: 45 | W44: 0.71158282 | X44: 5.0907491 | Y44: 11.6244 | Z44: 1.9852821
... T59: WNW | U59: 10000 | V59: 292.5 | W59: 2.4133601 | X59: 6.8372785 | Y59: 16.573812 | Z59: 1.9852821

Sheet Weibull
A1: sector | B1: rp_year | C1: Hs_m | D1: Pp1d_s | E1: direction_deg | F1: Hs_m 10%
A2: E | B2: 100 | C2: 1.8393615 | D2: 7.0920178 | E2: 90 | F2: =C2*1.1 -> 2.0232976
A3: E | B3: 1000 | C3: 2.1190122 | D3: 7.7819171 | E3: 90 | F3: =C3*1.1 -> 2.3309134
A4: E | B4: 10000 | C4: 2.3957683 | D4: 8.2853999 | E4: 90 | F4: =C4*1.1 -> 2.6353451
A5: ENE | B5: 100 | C5: 1.2272233 | D5: 7.0725239 | E5: 67.5 | F5: =C5*1.1 -> 1.3499456
A6: ENE | B6: 1000 | C6: 1.3771911 | D6: 7.766502 | E6: 67.5 | F6: =C6*1.1 -> 1.5149102
A7: ENE | B7: 10000 | C7: 1.5192097 | D7: 8.2947863 | E7: 67.5 | F7: =C7*1.1 -> 1.6711306
A8: N | B8: 100 | C8: 1.4145792 | D8: 5.9706565 | E8: 0 | F8: =C8*1.1 -> 1.5560371
A9: N | B9: 1000 | C9: 1.8017144 | D9: 5.9706565 | E9: 0 | F9: =C9*1.1 -> 1.9818858
A10: N | B10: 10000 | C10: 2.1623848 | D10: 5.9706565 | E10: 0 | F10: =C10*1.1 -> 2.3786233
A11: NE | B11: 100 | C11: 0.51914474 | D11: 5.9211942 | E11: 45 | F11: =C11*1.1 -> 0.57105921
A12: NE | B12: 1000 | C12: 0.58451632 | D12: 5.0907491 | E12: 45 | F12: =C12*1.1 -> 0.64296795
A13: NE | B13: 10000 | C13: 0.64689347 | D13: 5.0907491 | E13: 45 | F13: =C13*1.1 -> 0.71158282
... A28: WNW | B28: 10000 | C28: 2.1939637 | D28: 6.8372785 | E28: 292.5 | F28: =C28*1.1 -> 2.4133601

Sheet wind_conditioned_on_wave_design
A1: wave_sector | B1: rp_year | C1: wave_dir_deg | D1: Hs_m | E1: Tp_s | F1: wind_dir_deg | G1: wind_speed_mps | H1: amp_factor | I1: threshold_q | J1: decluster_gap_h | K1: min_peaks | L1: wave_u_threshold | M1: wave_n_peaks | N1: wave_lam_per_year | O1: wave_weibull_k | P1: wave_weibull_theta
A2: E | B2: 100 | C2: 90 | D2: 1.8393827 | E2: 7.0920517 | F2: 90 | G2: 10.62931 | H2: 1 | I2: 0.985 | J2: 24 | K2: 9 | L2: 1.089647 | M2: 180 | N2: 3.9137423 | O2: 1.0315444 | P2: 0.13275194
A3: E | B3: 1000 | C3: 90 | D3: 2.1190332 | E3: 7.5558533 | F3: 90 | G3: 11.542984 | H3: 1 | I3: 0.985 | J3: 24 | K3: 9 | L3: 1.089647 | M3: 180 | N3: 3.9137423 | O3: 1.0315444 | P3: 0.13275194
A4: E | B4: 10000 | C4: 90 | D4: 2.3957891 | E4: 8.0447097 | F4: 90 | G4: 12.417488 | H4: 1 | I4: 0.985 | J4: 24 | K4: 9 | L4: 1.089647 | M4: 180 | N4: 3.9137423 | O4: 1.0315444 | P4: 0.13275194
A5: ENE | B5: 100 | C5: 67.5 | D5: 1.2272349 | E5: 7.0725621 | F5: 67.5 | G5: 9.1079995 | H5: 1 | I5: 0.985 | J5: 24 | K5: 9 | L5: 0.85958087 | M5: 47 | N5: 1.0219216 | O5: 1.1836124 | P5: 0.10086881
A6: ENE | B6: 1000 | C6: 67.5 | D6: 1.3772021 | E6: 7.5815162 | F6: 67.5 | G6: 9.7183796 | H6: 1 | I6: 0.985 | J6: 24 | K6: 9 | L6: 0.85958087 | M6: 47 | N6: 1.0219216 | O6: 1.1836124 | P6: 0.10086881
A7: ENE | B7: 10000 | C7: 67.5 | D7: 1.5192202 | E7: 8.0972158 | F7: 67.5 | G7: 10.295037 | H7: 1 | I7: 0.985 | J7: 24 | K7: 9 | L7: 0.85958087 | M7: 47 | N7: 1.0219216 | O7: 1.1836124 | P7: 0.10086881
A8: N | B8: 100 | C8: 0 | D8: 1.4146097 | E8: 5.9706565 | F8: 0 | G8: 7.0258204 | H8: 1 | I8: 0.985 | J8: 24 | K8: 9 | L8: 0.79825176 | M8: 9 | N8: 0.19568711 | O8: 1.1796515 | P8: 0.24502399
A9: N | B9: 1000 | C9: 0 | D9: 1.8017423 | E9: 5.9706565 | F9: 0 | G9: 7.9932397 | H9: 1 | I9: 0.985 | J9: 24 | K9: 9 | L9: 0.79825176 | M9: 9 | N9: 0.19568711 | O9: 1.1796515 | P9: 0.24502399
A10: N | B10: 10000 | C10: 0 | D10: 2.1624113 | E10: 5.9706565 | F10: 0 | G10: 8.9291071 | H10: 1 | I10: 0.985 | J10: 24 | K10: 9 | L10: 0.79825176 | M10: 9 | N10: 0.19568711 | O10: 1.1796515 | P10: 0.24502399
A11: NE | B11: 100 | C11: 45 | D11: 0.51914981 | E11: 5.0907491 | F11: 45 | G11: 8.4966051 | H11: 1 | I11: 0.985 | J11: 24 | K11: 9 | L11: 0.42275406 | M11: 9 | N11: 0.19568711 | O11: 1.1106462 | P11: 0.036186152
A12: NE | B12: 1000 | C12: 45 | D12: 0.58452111 | E12: 5.0907491 | F12: 45 | G12: 9.5447101 | H12: 1 | I12: 0.985 | J12: 24 | K12: 9 | L12: 0.42275406 | M12: 9 | N12: 0.19568711 | O12: 1.1106462 | P12: 0.036186152
A13: NE | B13: 10000 | C13: 45 | D13: 0.64689809 | E13: 5.0907491 | F13: 45 | G13: 10.567637 | H13: 1 | I13: 0.985 | J13: 24 | K13: 9 | L13: 0.42275406 | M13: 9 | N13: 0.19568711 | O13: 1.1106462 | P13: 0.036186152
... A28: WNW | B28: 10000 | C28: 292.5 | D28: 2.1977185 | E28: 6.7664674 | F28: 292.5 | G28: 15.067102 | H28: 1 | I28: 0.985 | J28: 24 | K28: 9 | L28: 1.0487816 | M28: 48 | N28: 1.0436646 | O28: 1.0391097 | P28: 0.13501467

Sheet Tidal_Datum_Eng
A1: Komponen | B1: H (cm) | C1: g (deg) | E1: mean statistically representative
A2: M2 | B2: 8.3699486 | C2: 35.163821 | E2: Metode Praktik Teknik (Engineering Approximation)
A3: S2 | B3: 9.4397695 | C3: 85.358248
A4: K2 | B4: 5.7247559 | C4: 259.9273
A5: N2 | B5: 2.7026293 | C5: 8.4550997
A6: K1 | B6: 32.229712 | C6: 23.194857
A7: O1 | B7: 17.635547 | C7: 328.09807
A8: P1 | B8: 7.5670599 | C8: 58.044826
A9: M4 | B9: 0.82185319 | C9: 315.95125
A10: MS4 | B10: 0.35777059 | C10: 19.310609
A12: MSL | B12: 182.27102
D16: HAT | E16: (High Astronomical Tide) | F16: = | G16: =G20+SUM(B2:B10) -> 267.12006
D17: HHWL | E17: (Higher High Water Level) | F17: = | G17: =G20+B2+B3+B4+B6+B7+B8 -> 263.23781
D18: MHWS | E18: (Mean High Water Spring) | F18: = | G18: =G20+B2+B3 -> 200.08073
D19: MHWL | E19: (Mean High Water Level) | F19: = | G19: =G20+B2+B6+B7 -> 240.50622
D20: MSL | E20: Z0 | F20: = | G20: =B12 -> 182.27102
D21: MLWL | E21: (Mean Low Water Level) | F21: = | G21: =G20-(B2+B6+B7) -> 124.03581
D22: MLWS | E22: (Mean Low Water Spring) | F22: = | G22: =G20-(B2+B3) -> 164.4613
D23: LLWL | E23: (Lowest Low Water Level) | F23: = | G23: =G20-(B2+B3+B4+B6+B7+B8) -> 101.30422
D24: LAT | E24: (Lowest Astronomical Tide) | F24: = | G24: =G20-SUM(B2:B10) -> 97.42197
